{
	"class_name" : "PinholeCameraParameters",
	"extrinsic" : 
	[
		-0.90126333122584013,
		-0.23293820973906165,
		0.36532752186396078,
		0.0,
		-0.43322881567165339,
		0.47262500874606728,
		-0.76742321725337226,
		0.0,
		0.0060992671230579443,
		-0.84992081487120963,
		-0.52687513453305113,
		0.0,
		-0.56476541895170418,
		-0.084612232190254488,
		34.44063671287735,
		1.0
	],
	"intrinsic" : 
	{
		"height" : 1080,
		"intrinsic_matrix" : 
		[
			935.30743608719376,
			0.0,
			0.0,
			0.0,
			935.30743608719376,
			0.0,
			959.5,
			539.5,
			1.0
		],
		"width" : 1920
	},
	"version_major" : 1,
	"version_minor" : 0
}